{
  "eslint.config.js": 1775999832.6078799,
  "apps/web/vite.config.ts": 1775999832.6078799,
  "apps/web/svelte.config.js": 1775999832.6078799,
  "apps/web/coverage/block-navigation.js": 1775749852.5532115,
  "apps/web/coverage/prettify.js": 1775749852.5541582,
  "apps/web/coverage/sorter.js": 1775749852.5539362,
  "apps/web/src/app.d.ts": 1775999832.6075838,
  "apps/web/src/routes/+layout.svelte": 1775999832.6078799,
  "apps/web/src/routes/+page.svelte": 1775999832.6078799,
  "apps/web/src/routes/(app)/+layout.svelte": 1775999832.6077542,
  "apps/web/src/routes/(app)/inquiries/+page.svelte": 1775999832.6077893,
  "apps/web/src/routes/(app)/inquiries/[id]/+page.svelte": 1775999832.6078799,
  "apps/web/src/routes/(app)/profile/+page.svelte": 1775999832.6078799,
  "apps/web/src/routes/(app)/dashboard/+page.svelte": 1775999832.6077893,
  "apps/web/src/routes/(app)/library/+page.svelte": 1775999832.6078799,
  "apps/web/src/routes/(app)/cases/+page.svelte": 1775999832.6077893,
  "apps/web/src/lib/index.ts": 1775999832.6076896,
  "apps/web/src/lib/components/landing/Hero.svelte": 1775999832.6076896,
  "apps/api/vitest.config.ts": 1775999832.6072679,
  "apps/api/eslint.config.js": 1775999832.60483,
  "apps/api/coverage/block-navigation.js": 1775749852.327653,
  "apps/api/coverage/prettify.js": 1775749852.3279593,
  "apps/api/coverage/sorter.js": 1775749852.3278143,
  "apps/api/src/index.ts": 1775999832.60483,
  "apps/api/src/utils/errors.ts": 1775999832.60709,
  "apps/api/src/utils/validation.ts": 1775999832.6072283,
  "apps/api/src/services/llm/models.ts": 1775999832.6069527,
  "apps/api/src/services/llm/stream.ts": 1775999832.6069527,
  "apps/api/src/services/llm/client.ts": 1775999832.606868,
  "apps/api/src/services/llm/prompts.ts": 1775999832.6069527,
  "apps/api/src/services/citations/extractor.ts": 1775999832.6067817,
  "apps/api/src/services/documents/parser.ts": 1775999832.606868,
  "apps/api/src/services/documents/storage.ts": 1775999832.606868,
  "apps/api/src/services/documents/metadata.ts": 1775999832.6067817,
  "apps/api/src/services/rag/chunker.ts": 1775999832.6069527,
  "apps/api/src/services/rag/retriever.ts": 1775999832.60709,
  "apps/api/src/services/rag/pipeline.ts": 1775999832.60709,
  "apps/api/src/services/rag/embedder.ts": 1775999832.60709,
  "apps/api/src/types/bindings.ts": 1775999832.60709,
  "apps/api/src/routes/health.ts": 1775999832.6064653,
  "apps/api/src/routes/documents.ts": 1775999832.6064653,
  "apps/api/src/routes/cases.ts": 1775999832.6064653,
  "apps/api/src/routes/auth.ts": 1775999832.6062953,
  "apps/api/src/routes/inquiries.ts": 1775999832.6064653,
  "apps/api/src/middleware/logger.ts": 1775999832.6062953,
  "apps/api/src/middleware/ratelimit.ts": 1775999832.6062953,
  "apps/api/src/middleware/auth.ts": 1775999832.60483,
  "apps/api/scripts/ingest_legal_corpus.py": 1775999832.60483,
  "apps/api/test/services/chunker.test.ts": 1775999832.6072679,
  "apps/api/test/routes/health.test.ts": 1775999832.6072679,
  "packages/shared/coverage/block-navigation.js": 1775749851.6982327,
  "packages/shared/coverage/prettify.js": 1775749851.699831,
  "packages/shared/coverage/sorter.js": 1775749851.6992877,
  "packages/shared/src/index.ts": 1775999832.641548,
  "packages/shared/src/types/document.ts": 1775999832.641548,
  "packages/shared/src/types/inquiry.ts": 1775999832.6416266,
  "packages/shared/src/types/user.ts": 1775999832.6416266,
  "packages/ingest/coverage/block-navigation.js": 1775749851.7052324,
  "packages/ingest/coverage/prettify.js": 1775749851.7060864,
  "packages/ingest/coverage/sorter.js": 1775749851.7059245,
  "packages/eslint-config/index.js": 1775999832.6398222,
  "deploy.md": 1775999832.6078799,
  "technical-spec.md": 1775999832.6416266,
  "README.md": 1775999832.60483,
  "PatraSaar.md": 1775999832.6039069,
  "apps/web/README.md": 1775999832.6072679,
  "apps/web/static/robots.txt": 1775999832.6078799,
  "legal-data/THE INDIAN CONTRACT ACT, 1872.pdf": 1775999832.6308243,
  "legal-data/THE INDIAN PENAL CODE.pdf": 1775999832.6348233,
  "legal-data/The Bharatiya Nyaya Sanhita, 2023.pdf": 1775999832.6388226,
  "legal-data/THE INFORMATION TECHNOLOGY ACT, 2000.pdf": 1775999832.6358232,
  "legal-data/THE COMPANIES ACT, 2013.pdf": 1775999832.627825,
  "legal-data/he Bharatiya Sakshya Adhiniyam, 2023.pdf": 1775999832.6398222,
  "apps/web/coverage/favicon.png": 1775749852.5538085,
  "apps/web/coverage/sort-arrow-sprite.png": 1775749852.5538726,
  "apps/web/src/lib/assets/favicon.svg": 1775999832.6076415,
  "apps/api/coverage/favicon.png": 1775749852.3277192,
  "apps/api/coverage/sort-arrow-sprite.png": 1775749852.3277671,
  "packages/shared/coverage/favicon.png": 1775749851.698935,
  "packages/shared/coverage/sort-arrow-sprite.png": 1775749851.6991193,
  "packages/ingest/coverage/favicon.png": 1775749851.705806,
  "packages/ingest/coverage/sort-arrow-sprite.png": 1775749851.7058642
}